name	run	timingname	run	timing
benchmark/tpcds/sf1/local/duckdb/q01.benchmark	1	0.230341
benchmark/tpcds/sf1/local/duckdb/q01.benchmark	2	0.232037
benchmark/tpcds/sf1/local/duckdb/q01.benchmark	3	0.235173
benchmark/tpcds/sf1/local/duckdb/q01.benchmark	4	0.230202
benchmark/tpcds/sf1/local/duckdb/q01.benchmark	5	0.230716
benchmark/tpcds/sf1/local/duckdb/q02.benchmark	1	1.283496
benchmark/tpcds/sf1/local/duckdb/q02.benchmark	2	1.290263
benchmark/tpcds/sf1/local/duckdb/q02.benchmark	3	1.293783
benchmark/tpcds/sf1/local/duckdb/q02.benchmark	4	1.298386
benchmark/tpcds/sf1/local/duckdb/q02.benchmark	5	1.295635
benchmark/tpcds/sf1/local/duckdb/q03.benchmark	1	0.485798
benchmark/tpcds/sf1/local/duckdb/q03.benchmark	2	0.481614
benchmark/tpcds/sf1/local/duckdb/q03.benchmark	3	0.481249
benchmark/tpcds/sf1/local/duckdb/q03.benchmark	4	0.494453
benchmark/tpcds/sf1/local/duckdb/q03.benchmark	5	0.482699
benchmark/tpcds/sf1/local/duckdb/q04.benchmark	1	10.015655
benchmark/tpcds/sf1/local/duckdb/q04.benchmark	2	9.982697
benchmark/tpcds/sf1/local/duckdb/q04.benchmark	3	10.002379
benchmark/tpcds/sf1/local/duckdb/q04.benchmark	4	10.055899
benchmark/tpcds/sf1/local/duckdb/q04.benchmark	5	9.998028
benchmark/tpcds/sf1/local/duckdb/q05.benchmark	1	1.274895
benchmark/tpcds/sf1/local/duckdb/q05.benchmark	2	1.198539
benchmark/tpcds/sf1/local/duckdb/q05.benchmark	3	1.245080
benchmark/tpcds/sf1/local/duckdb/q05.benchmark	4	1.261399
benchmark/tpcds/sf1/local/duckdb/q05.benchmark	5	1.215266
benchmark/tpcds/sf1/local/duckdb/q06.benchmark	1	0.496120
benchmark/tpcds/sf1/local/duckdb/q06.benchmark	2	0.492451
benchmark/tpcds/sf1/local/duckdb/q06.benchmark	3	0.505462
benchmark/tpcds/sf1/local/duckdb/q06.benchmark	4	0.515003
benchmark/tpcds/sf1/local/duckdb/q06.benchmark	5	0.513576
benchmark/tpcds/sf1/local/duckdb/q07.benchmark	1	0.996073
benchmark/tpcds/sf1/local/duckdb/q07.benchmark	2	1.005332
benchmark/tpcds/sf1/local/duckdb/q07.benchmark	3	0.989808
benchmark/tpcds/sf1/local/duckdb/q07.benchmark	4	0.969991
benchmark/tpcds/sf1/local/duckdb/q07.benchmark	5	0.976646
benchmark/tpcds/sf1/local/duckdb/q08.benchmark	1	0.530118
benchmark/tpcds/sf1/local/duckdb/q08.benchmark	2	0.532758
benchmark/tpcds/sf1/local/duckdb/q08.benchmark	3	0.525718
benchmark/tpcds/sf1/local/duckdb/q08.benchmark	4	0.522876
benchmark/tpcds/sf1/local/duckdb/q08.benchmark	5	0.524218
benchmark/tpcds/sf1/local/duckdb/q09.benchmark	1	2.554368
benchmark/tpcds/sf1/local/duckdb/q09.benchmark	2	2.557788
benchmark/tpcds/sf1/local/duckdb/q09.benchmark	3	2.559722
benchmark/tpcds/sf1/local/duckdb/q09.benchmark	4	2.558118
benchmark/tpcds/sf1/local/duckdb/q09.benchmark	5	2.556222
benchmark/tpcds/sf1/local/duckdb/q10.benchmark	1	0.448046
benchmark/tpcds/sf1/local/duckdb/q10.benchmark	2	0.422091
benchmark/tpcds/sf1/local/duckdb/q10.benchmark	3	0.425213
benchmark/tpcds/sf1/local/duckdb/q10.benchmark	4	0.434562
benchmark/tpcds/sf1/local/duckdb/q10.benchmark	5	0.424216
benchmark/tpcds/sf1/local/duckdb/q11.benchmark	1	6.177402
benchmark/tpcds/sf1/local/duckdb/q11.benchmark	2	6.163555
benchmark/tpcds/sf1/local/duckdb/q11.benchmark	3	6.160570
benchmark/tpcds/sf1/local/duckdb/q11.benchmark	4	6.123720
benchmark/tpcds/sf1/local/duckdb/q11.benchmark	5	6.179828
benchmark/tpcds/sf1/local/duckdb/q12.benchmark	1	0.190307
benchmark/tpcds/sf1/local/duckdb/q12.benchmark	2	0.180142
benchmark/tpcds/sf1/local/duckdb/q12.benchmark	3	0.177777
benchmark/tpcds/sf1/local/duckdb/q12.benchmark	4	0.177207
benchmark/tpcds/sf1/local/duckdb/q12.benchmark	5	0.174759
benchmark/tpcds/sf1/local/duckdb/q13.benchmark	1	1.357534
benchmark/tpcds/sf1/local/duckdb/q13.benchmark	2	1.342019
benchmark/tpcds/sf1/local/duckdb/q13.benchmark	3	1.335334
benchmark/tpcds/sf1/local/duckdb/q13.benchmark	4	1.366863
benchmark/tpcds/sf1/local/duckdb/q13.benchmark	5	1.359965
benchmark/tpcds/sf1/local/duckdb/q14.benchmark	1	17.884937
benchmark/tpcds/sf1/local/duckdb/q14.benchmark	2	18.255786
benchmark/tpcds/sf1/local/duckdb/q14.benchmark	3	18.094845
benchmark/tpcds/sf1/local/duckdb/q14.benchmark	4	18.091679
benchmark/tpcds/sf1/local/duckdb/q14.benchmark	5	18.309535
benchmark/tpcds/sf1/local/duckdb/q15.benchmark	1	0.182151
benchmark/tpcds/sf1/local/duckdb/q15.benchmark	2	0.173149
benchmark/tpcds/sf1/local/duckdb/q15.benchmark	3	0.184447
benchmark/tpcds/sf1/local/duckdb/q15.benchmark	4	0.179569
benchmark/tpcds/sf1/local/duckdb/q15.benchmark	5	0.183786
benchmark/tpcds/sf1/local/duckdb/q16.benchmark	1	0.104490
benchmark/tpcds/sf1/local/duckdb/q16.benchmark	2	0.104905
benchmark/tpcds/sf1/local/duckdb/q16.benchmark	3	0.106850
benchmark/tpcds/sf1/local/duckdb/q16.benchmark	4	0.105056
benchmark/tpcds/sf1/local/duckdb/q16.benchmark	5	0.105441
benchmark/tpcds/sf1/local/duckdb/q17.benchmark	1	0.843812
benchmark/tpcds/sf1/local/duckdb/q17.benchmark	2	0.833403
benchmark/tpcds/sf1/local/duckdb/q17.benchmark	3	0.849539
benchmark/tpcds/sf1/local/duckdb/q17.benchmark	4	0.847014
benchmark/tpcds/sf1/local/duckdb/q17.benchmark	5	0.836405
benchmark/tpcds/sf1/local/duckdb/q18.benchmark	1	0.435492
benchmark/tpcds/sf1/local/duckdb/q18.benchmark	2	0.436158
benchmark/tpcds/sf1/local/duckdb/q18.benchmark	3	0.438425
benchmark/tpcds/sf1/local/duckdb/q18.benchmark	4	0.438998
benchmark/tpcds/sf1/local/duckdb/q18.benchmark	5	0.453455
benchmark/tpcds/sf1/local/duckdb/q19.benchmark	1	0.596255
benchmark/tpcds/sf1/local/duckdb/q19.benchmark	2	0.601912
benchmark/tpcds/sf1/local/duckdb/q19.benchmark	3	0.599577
benchmark/tpcds/sf1/local/duckdb/q19.benchmark	4	0.598452
benchmark/tpcds/sf1/local/duckdb/q19.benchmark	5	0.602698
benchmark/tpcds/sf1/local/duckdb/q20.benchmark	1	0.089222
benchmark/tpcds/sf1/local/duckdb/q20.benchmark	2	0.086954
benchmark/tpcds/sf1/local/duckdb/q20.benchmark	3	0.092303
benchmark/tpcds/sf1/local/duckdb/q20.benchmark	4	0.091545
benchmark/tpcds/sf1/local/duckdb/q20.benchmark	5	0.092893
benchmark/tpcds/sf1/local/duckdb/q21.benchmark	1	0.071767
benchmark/tpcds/sf1/local/duckdb/q21.benchmark	2	0.071714
benchmark/tpcds/sf1/local/duckdb/q21.benchmark	3	0.071447
benchmark/tpcds/sf1/local/duckdb/q21.benchmark	4	0.079404
benchmark/tpcds/sf1/local/duckdb/q21.benchmark	5	0.071718
benchmark/tpcds/sf1/local/duckdb/q22.benchmark	1	TIMEOUT
benchmark/tpcds/sf1/local/duckdb/q23.benchmark	1	10.730118
benchmark/tpcds/sf1/local/duckdb/q23.benchmark	2	10.723057
benchmark/tpcds/sf1/local/duckdb/q23.benchmark	3	10.850199
benchmark/tpcds/sf1/local/duckdb/q23.benchmark	4	10.765601
benchmark/tpcds/sf1/local/duckdb/q23.benchmark	5	10.969239
benchmark/tpcds/sf1/local/duckdb/q24.benchmark	1	1.048835
benchmark/tpcds/sf1/local/duckdb/q24.benchmark	2	1.066650
benchmark/tpcds/sf1/local/duckdb/q24.benchmark	3	1.030193
benchmark/tpcds/sf1/local/duckdb/q24.benchmark	4	1.034283
benchmark/tpcds/sf1/local/duckdb/q24.benchmark	5	1.037854
benchmark/tpcds/sf1/local/duckdb/q25.benchmark	1	0.781898
benchmark/tpcds/sf1/local/duckdb/q25.benchmark	2	0.792038
benchmark/tpcds/sf1/local/duckdb/q25.benchmark	3	0.769903
benchmark/tpcds/sf1/local/duckdb/q25.benchmark	4	0.780332
benchmark/tpcds/sf1/local/duckdb/q25.benchmark	5	0.787361
benchmark/tpcds/sf1/local/duckdb/q26.benchmark	1	0.202279
benchmark/tpcds/sf1/local/duckdb/q26.benchmark	2	0.199755
benchmark/tpcds/sf1/local/duckdb/q26.benchmark	3	0.202004
benchmark/tpcds/sf1/local/duckdb/q26.benchmark	4	0.202968
benchmark/tpcds/sf1/local/duckdb/q26.benchmark	5	0.202588
benchmark/tpcds/sf1/local/duckdb/q27.benchmark	1	2.020360
benchmark/tpcds/sf1/local/duckdb/q27.benchmark	2	1.988781
benchmark/tpcds/sf1/local/duckdb/q27.benchmark	3	2.000551
benchmark/tpcds/sf1/local/duckdb/q27.benchmark	4	1.984795
benchmark/tpcds/sf1/local/duckdb/q27.benchmark	5	1.993037
benchmark/tpcds/sf1/local/duckdb/q28.benchmark	1	2.574058
benchmark/tpcds/sf1/local/duckdb/q28.benchmark	2	2.583543
benchmark/tpcds/sf1/local/duckdb/q28.benchmark	3	2.608569
benchmark/tpcds/sf1/local/duckdb/q28.benchmark	4	2.595690
benchmark/tpcds/sf1/local/duckdb/q28.benchmark	5	2.594148
benchmark/tpcds/sf1/local/duckdb/q29.benchmark	1	1.038593
benchmark/tpcds/sf1/local/duckdb/q29.benchmark	2	1.046422
benchmark/tpcds/sf1/local/duckdb/q29.benchmark	3	1.024515
benchmark/tpcds/sf1/local/duckdb/q29.benchmark	4	1.015405
benchmark/tpcds/sf1/local/duckdb/q29.benchmark	5	1.027946
benchmark/tpcds/sf1/local/duckdb/q30.benchmark	1	0.190570
benchmark/tpcds/sf1/local/duckdb/q30.benchmark	2	0.180750
benchmark/tpcds/sf1/local/duckdb/q30.benchmark	3	0.180412
benchmark/tpcds/sf1/local/duckdb/q30.benchmark	4	0.191908
benchmark/tpcds/sf1/local/duckdb/q30.benchmark	5	0.190680
benchmark/tpcds/sf1/local/duckdb/q31.benchmark	1	0.894422
benchmark/tpcds/sf1/local/duckdb/q31.benchmark	2	0.913684
benchmark/tpcds/sf1/local/duckdb/q31.benchmark	3	0.906957
benchmark/tpcds/sf1/local/duckdb/q31.benchmark	4	0.895535
benchmark/tpcds/sf1/local/duckdb/q31.benchmark	5	0.877259
benchmark/tpcds/sf1/local/duckdb/q32.benchmark	1	0.047135
benchmark/tpcds/sf1/local/duckdb/q32.benchmark	2	0.048458
benchmark/tpcds/sf1/local/duckdb/q32.benchmark	3	0.047827
benchmark/tpcds/sf1/local/duckdb/q32.benchmark	4	0.048018
benchmark/tpcds/sf1/local/duckdb/q32.benchmark	5	0.047975
benchmark/tpcds/sf1/local/duckdb/q33.benchmark	1	0.681808
benchmark/tpcds/sf1/local/duckdb/q33.benchmark	2	0.696472
benchmark/tpcds/sf1/local/duckdb/q33.benchmark	3	0.678585
benchmark/tpcds/sf1/local/duckdb/q33.benchmark	4	0.696630
benchmark/tpcds/sf1/local/duckdb/q33.benchmark	5	0.671769
benchmark/tpcds/sf1/local/duckdb/q34.benchmark	1	0.599181
benchmark/tpcds/sf1/local/duckdb/q34.benchmark	2	0.598165
benchmark/tpcds/sf1/local/duckdb/q34.benchmark	3	0.592619
benchmark/tpcds/sf1/local/duckdb/q34.benchmark	4	0.598331
benchmark/tpcds/sf1/local/duckdb/q34.benchmark	5	0.596600
benchmark/tpcds/sf1/local/duckdb/q35.benchmark	1	1.186881
benchmark/tpcds/sf1/local/duckdb/q35.benchmark	2	1.142587
benchmark/tpcds/sf1/local/duckdb/q35.benchmark	3	1.157707
benchmark/tpcds/sf1/local/duckdb/q35.benchmark	4	1.183191
benchmark/tpcds/sf1/local/duckdb/q35.benchmark	5	1.193877
benchmark/tpcds/sf1/local/duckdb/q36.benchmark	1	0.720392
benchmark/tpcds/sf1/local/duckdb/q36.benchmark	2	0.744076
benchmark/tpcds/sf1/local/duckdb/q36.benchmark	3	0.727692
benchmark/tpcds/sf1/local/duckdb/q36.benchmark	4	0.715730
benchmark/tpcds/sf1/local/duckdb/q36.benchmark	5	0.727388
benchmark/tpcds/sf1/local/duckdb/q37.benchmark	1	0.171237
benchmark/tpcds/sf1/local/duckdb/q37.benchmark	2	0.171418
benchmark/tpcds/sf1/local/duckdb/q37.benchmark	3	0.169416
benchmark/tpcds/sf1/local/duckdb/q37.benchmark	4	0.171807
benchmark/tpcds/sf1/local/duckdb/q37.benchmark	5	0.172955
benchmark/tpcds/sf1/local/duckdb/q38.benchmark	1	1.518399
benchmark/tpcds/sf1/local/duckdb/q38.benchmark	2	1.529820
benchmark/tpcds/sf1/local/duckdb/q38.benchmark	3	1.520586
benchmark/tpcds/sf1/local/duckdb/q38.benchmark	4	1.520264
benchmark/tpcds/sf1/local/duckdb/q38.benchmark	5	1.519165
benchmark/tpcds/sf1/local/duckdb/q39.benchmark	1	0.333973
benchmark/tpcds/sf1/local/duckdb/q39.benchmark	2	0.336104
benchmark/tpcds/sf1/local/duckdb/q39.benchmark	3	0.335742
benchmark/tpcds/sf1/local/duckdb/q39.benchmark	4	0.338549
benchmark/tpcds/sf1/local/duckdb/q39.benchmark	5	0.337283
benchmark/tpcds/sf1/local/duckdb/q40.benchmark	1	0.288325
benchmark/tpcds/sf1/local/duckdb/q40.benchmark	2	0.284292
benchmark/tpcds/sf1/local/duckdb/q40.benchmark	3	0.287305
benchmark/tpcds/sf1/local/duckdb/q40.benchmark	4	0.286415
benchmark/tpcds/sf1/local/duckdb/q40.benchmark	5	0.287972
benchmark/tpcds/sf1/local/duckdb/q41.benchmark	1	0.031052
benchmark/tpcds/sf1/local/duckdb/q41.benchmark	2	0.031407
benchmark/tpcds/sf1/local/duckdb/q41.benchmark	3	0.031235
benchmark/tpcds/sf1/local/duckdb/q41.benchmark	4	0.030144
benchmark/tpcds/sf1/local/duckdb/q41.benchmark	5	0.029391
benchmark/tpcds/sf1/local/duckdb/q42.benchmark	1	0.391499
benchmark/tpcds/sf1/local/duckdb/q42.benchmark	2	0.395978
benchmark/tpcds/sf1/local/duckdb/q42.benchmark	3	0.391151
benchmark/tpcds/sf1/local/duckdb/q42.benchmark	4	0.394728
benchmark/tpcds/sf1/local/duckdb/q42.benchmark	5	0.385596
benchmark/tpcds/sf1/local/duckdb/q43.benchmark	1	0.792735
benchmark/tpcds/sf1/local/duckdb/q43.benchmark	2	0.789203
benchmark/tpcds/sf1/local/duckdb/q43.benchmark	3	0.794444
benchmark/tpcds/sf1/local/duckdb/q43.benchmark	4	0.789743
benchmark/tpcds/sf1/local/duckdb/q43.benchmark	5	0.803516
benchmark/tpcds/sf1/local/duckdb/q44.benchmark	1	0.842006
benchmark/tpcds/sf1/local/duckdb/q44.benchmark	2	0.833244
benchmark/tpcds/sf1/local/duckdb/q44.benchmark	3	0.830695
benchmark/tpcds/sf1/local/duckdb/q44.benchmark	4	0.830890
benchmark/tpcds/sf1/local/duckdb/q44.benchmark	5	0.833731
benchmark/tpcds/sf1/local/duckdb/q45.benchmark	1	0.217815
benchmark/tpcds/sf1/local/duckdb/q45.benchmark	2	0.219703
benchmark/tpcds/sf1/local/duckdb/q45.benchmark	3	0.208294
benchmark/tpcds/sf1/local/duckdb/q45.benchmark	4	0.215325
benchmark/tpcds/sf1/local/duckdb/q45.benchmark	5	0.221652
benchmark/tpcds/sf1/local/duckdb/q46.benchmark	1	1.021282
benchmark/tpcds/sf1/local/duckdb/q46.benchmark	2	1.024056
benchmark/tpcds/sf1/local/duckdb/q46.benchmark	3	1.036745
benchmark/tpcds/sf1/local/duckdb/q46.benchmark	4	1.012893
benchmark/tpcds/sf1/local/duckdb/q46.benchmark	5	1.010095
benchmark/tpcds/sf1/local/duckdb/q47.benchmark	1	2.365601
benchmark/tpcds/sf1/local/duckdb/q47.benchmark	2	2.379856
benchmark/tpcds/sf1/local/duckdb/q47.benchmark	3	2.381005
benchmark/tpcds/sf1/local/duckdb/q47.benchmark	4	2.407030
benchmark/tpcds/sf1/local/duckdb/q47.benchmark	5	2.396855
benchmark/tpcds/sf1/local/duckdb/q48.benchmark	1	1.167552
benchmark/tpcds/sf1/local/duckdb/q48.benchmark	2	1.161736
benchmark/tpcds/sf1/local/duckdb/q48.benchmark	3	1.154950
benchmark/tpcds/sf1/local/duckdb/q48.benchmark	4	1.166144
benchmark/tpcds/sf1/local/duckdb/q48.benchmark	5	1.168606
benchmark/tpcds/sf1/local/duckdb/q49.benchmark	1	0.845917
benchmark/tpcds/sf1/local/duckdb/q49.benchmark	2	0.851467
benchmark/tpcds/sf1/local/duckdb/q49.benchmark	3	0.829812
benchmark/tpcds/sf1/local/duckdb/q49.benchmark	4	0.847047
benchmark/tpcds/sf1/local/duckdb/q49.benchmark	5	0.835907
benchmark/tpcds/sf1/local/duckdb/q50.benchmark	1	1.158140
benchmark/tpcds/sf1/local/duckdb/q50.benchmark	2	1.147450
benchmark/tpcds/sf1/local/duckdb/q50.benchmark	3	1.169415
benchmark/tpcds/sf1/local/duckdb/q50.benchmark	4	1.154471
benchmark/tpcds/sf1/local/duckdb/q50.benchmark	5	1.147767
benchmark/tpcds/sf1/local/duckdb/q51.benchmark	1	7.576276
benchmark/tpcds/sf1/local/duckdb/q51.benchmark	2	7.763356
benchmark/tpcds/sf1/local/duckdb/q51.benchmark	3	7.299938
benchmark/tpcds/sf1/local/duckdb/q51.benchmark	4	7.778603
benchmark/tpcds/sf1/local/duckdb/q51.benchmark	5	7.950514
benchmark/tpcds/sf1/local/duckdb/q52.benchmark	1	0.403376
benchmark/tpcds/sf1/local/duckdb/q52.benchmark	2	0.393395
benchmark/tpcds/sf1/local/duckdb/q52.benchmark	3	0.393945
benchmark/tpcds/sf1/local/duckdb/q52.benchmark	4	0.397788
benchmark/tpcds/sf1/local/duckdb/q52.benchmark	5	0.388823
benchmark/tpcds/sf1/local/duckdb/q53.benchmark	1	0.525093
benchmark/tpcds/sf1/local/duckdb/q53.benchmark	2	0.523535
benchmark/tpcds/sf1/local/duckdb/q53.benchmark	3	0.535426
benchmark/tpcds/sf1/local/duckdb/q53.benchmark	4	0.517590
benchmark/tpcds/sf1/local/duckdb/q53.benchmark	5	0.522929
benchmark/tpcds/sf1/local/duckdb/q54.benchmark	1	0.614696
benchmark/tpcds/sf1/local/duckdb/q54.benchmark	2	0.636052
benchmark/tpcds/sf1/local/duckdb/q54.benchmark	3	0.616657
benchmark/tpcds/sf1/local/duckdb/q54.benchmark	4	0.626048
benchmark/tpcds/sf1/local/duckdb/q54.benchmark	5	0.619179
benchmark/tpcds/sf1/local/duckdb/q55.benchmark	1	0.402679
benchmark/tpcds/sf1/local/duckdb/q55.benchmark	2	0.406555
benchmark/tpcds/sf1/local/duckdb/q55.benchmark	3	0.408155
benchmark/tpcds/sf1/local/duckdb/q55.benchmark	4	0.404901
benchmark/tpcds/sf1/local/duckdb/q55.benchmark	5	0.397341
benchmark/tpcds/sf1/local/duckdb/q56.benchmark	1	0.683032
benchmark/tpcds/sf1/local/duckdb/q56.benchmark	2	0.677833
benchmark/tpcds/sf1/local/duckdb/q56.benchmark	3	0.683740
benchmark/tpcds/sf1/local/duckdb/q56.benchmark	4	0.685043
benchmark/tpcds/sf1/local/duckdb/q56.benchmark	5	0.687268
benchmark/tpcds/sf1/local/duckdb/q57.benchmark	1	0.748360
benchmark/tpcds/sf1/local/duckdb/q57.benchmark	2	0.753410
benchmark/tpcds/sf1/local/duckdb/q57.benchmark	3	0.751050
benchmark/tpcds/sf1/local/duckdb/q57.benchmark	4	0.745874
benchmark/tpcds/sf1/local/duckdb/q57.benchmark	5	0.748388
benchmark/tpcds/sf1/local/duckdb/q58.benchmark	1	0.550337
benchmark/tpcds/sf1/local/duckdb/q58.benchmark	2	0.556311
benchmark/tpcds/sf1/local/duckdb/q58.benchmark	3	0.540935
benchmark/tpcds/sf1/local/duckdb/q58.benchmark	4	0.553822
benchmark/tpcds/sf1/local/duckdb/q58.benchmark	5	0.538955
benchmark/tpcds/sf1/local/duckdb/q59.benchmark	1	2.890662
benchmark/tpcds/sf1/local/duckdb/q59.benchmark	2	2.894051
benchmark/tpcds/sf1/local/duckdb/q59.benchmark	3	2.889814
benchmark/tpcds/sf1/local/duckdb/q59.benchmark	4	2.892420
benchmark/tpcds/sf1/local/duckdb/q59.benchmark	5	2.881879
benchmark/tpcds/sf1/local/duckdb/q60.benchmark	1	0.751844
benchmark/tpcds/sf1/local/duckdb/q60.benchmark	2	0.746574
benchmark/tpcds/sf1/local/duckdb/q60.benchmark	3	0.732008
benchmark/tpcds/sf1/local/duckdb/q60.benchmark	4	0.745388
benchmark/tpcds/sf1/local/duckdb/q60.benchmark	5	0.731884
benchmark/tpcds/sf1/local/duckdb/q61.benchmark	1	1.025764
benchmark/tpcds/sf1/local/duckdb/q61.benchmark	2	1.054284
benchmark/tpcds/sf1/local/duckdb/q61.benchmark	3	1.025263
benchmark/tpcds/sf1/local/duckdb/q61.benchmark	4	1.028015
benchmark/tpcds/sf1/local/duckdb/q61.benchmark	5	1.014784
benchmark/tpcds/sf1/local/duckdb/q62.benchmark	1	0.323546
benchmark/tpcds/sf1/local/duckdb/q62.benchmark	2	0.320909
benchmark/tpcds/sf1/local/duckdb/q62.benchmark	3	0.324511
benchmark/tpcds/sf1/local/duckdb/q62.benchmark	4	0.326595
benchmark/tpcds/sf1/local/duckdb/q62.benchmark	5	0.321444
benchmark/tpcds/sf1/local/duckdb/q63.benchmark	1	0.512140
benchmark/tpcds/sf1/local/duckdb/q63.benchmark	2	0.512331
benchmark/tpcds/sf1/local/duckdb/q63.benchmark	3	0.517154
benchmark/tpcds/sf1/local/duckdb/q63.benchmark	4	0.523335
benchmark/tpcds/sf1/local/duckdb/q63.benchmark	5	0.517823
benchmark/tpcds/sf1/local/duckdb/q64.benchmark	1	2.892029
benchmark/tpcds/sf1/local/duckdb/q64.benchmark	2	3.264502
benchmark/tpcds/sf1/local/duckdb/q64.benchmark	3	2.932799
benchmark/tpcds/sf1/local/duckdb/q64.benchmark	4	2.773581
benchmark/tpcds/sf1/local/duckdb/q64.benchmark	5	2.827782
benchmark/tpcds/sf1/local/duckdb/q65.benchmark	1	2.748275
benchmark/tpcds/sf1/local/duckdb/q65.benchmark	2	2.770846
benchmark/tpcds/sf1/local/duckdb/q65.benchmark	3	2.760214
benchmark/tpcds/sf1/local/duckdb/q65.benchmark	4	2.772575
benchmark/tpcds/sf1/local/duckdb/q65.benchmark	5	2.764863
benchmark/tpcds/sf1/local/duckdb/q66.benchmark	1	0.387799
benchmark/tpcds/sf1/local/duckdb/q66.benchmark	2	0.386811
benchmark/tpcds/sf1/local/duckdb/q66.benchmark	3	0.394276
benchmark/tpcds/sf1/local/duckdb/q66.benchmark	4	0.381943
benchmark/tpcds/sf1/local/duckdb/q66.benchmark	5	0.381410
benchmark/tpcds/sf1/local/duckdb/q67.benchmark	1	TIMEOUT
benchmark/tpcds/sf1/local/duckdb/q68.benchmark	1	1.101191
benchmark/tpcds/sf1/local/duckdb/q68.benchmark	2	1.136790
benchmark/tpcds/sf1/local/duckdb/q68.benchmark	3	1.109603
benchmark/tpcds/sf1/local/duckdb/q68.benchmark	4	1.092756
benchmark/tpcds/sf1/local/duckdb/q68.benchmark	5	1.111295
benchmark/tpcds/sf1/local/duckdb/q69.benchmark	1	0.456153
benchmark/tpcds/sf1/local/duckdb/q69.benchmark	2	0.446344
benchmark/tpcds/sf1/local/duckdb/q69.benchmark	3	0.461242
benchmark/tpcds/sf1/local/duckdb/q69.benchmark	4	0.459072
benchmark/tpcds/sf1/local/duckdb/q69.benchmark	5	0.453580
benchmark/tpcds/sf1/local/duckdb/q70.benchmark	1	1.188054
benchmark/tpcds/sf1/local/duckdb/q70.benchmark	2	1.186237
benchmark/tpcds/sf1/local/duckdb/q70.benchmark	3	1.200818
benchmark/tpcds/sf1/local/duckdb/q70.benchmark	4	1.188495
benchmark/tpcds/sf1/local/duckdb/q70.benchmark	5	1.178152
benchmark/tpcds/sf1/local/duckdb/q71.benchmark	1	0.612269
benchmark/tpcds/sf1/local/duckdb/q71.benchmark	2	0.614036
benchmark/tpcds/sf1/local/duckdb/q71.benchmark	3	0.616538
benchmark/tpcds/sf1/local/duckdb/q71.benchmark	4	0.610220
benchmark/tpcds/sf1/local/duckdb/q71.benchmark	5	0.606374
benchmark/tpcds/sf1/local/duckdb/q72.benchmark	1	1.049380
benchmark/tpcds/sf1/local/duckdb/q72.benchmark	2	1.067043
benchmark/tpcds/sf1/local/duckdb/q72.benchmark	3	1.054967
benchmark/tpcds/sf1/local/duckdb/q72.benchmark	4	1.057064
benchmark/tpcds/sf1/local/duckdb/q72.benchmark	5	1.051283
benchmark/tpcds/sf1/local/duckdb/q73.benchmark	1	0.588674
benchmark/tpcds/sf1/local/duckdb/q73.benchmark	2	0.586721
benchmark/tpcds/sf1/local/duckdb/q73.benchmark	3	0.586399
benchmark/tpcds/sf1/local/duckdb/q73.benchmark	4	0.589002
benchmark/tpcds/sf1/local/duckdb/q73.benchmark	5	0.588575
benchmark/tpcds/sf1/local/duckdb/q74.benchmark	1	3.822446
benchmark/tpcds/sf1/local/duckdb/q74.benchmark	2	3.853197
benchmark/tpcds/sf1/local/duckdb/q74.benchmark	3	3.871278
benchmark/tpcds/sf1/local/duckdb/q74.benchmark	4	3.917596
benchmark/tpcds/sf1/local/duckdb/q74.benchmark	5	3.885559
benchmark/tpcds/sf1/local/duckdb/q75.benchmark	1	2.556275
benchmark/tpcds/sf1/local/duckdb/q75.benchmark	2	2.368044
benchmark/tpcds/sf1/local/duckdb/q75.benchmark	3	2.394945
benchmark/tpcds/sf1/local/duckdb/q75.benchmark	4	2.659229
benchmark/tpcds/sf1/local/duckdb/q75.benchmark	5	2.390021
benchmark/tpcds/sf1/local/duckdb/q76.benchmark	1	0.983299
benchmark/tpcds/sf1/local/duckdb/q76.benchmark	2	0.998801
benchmark/tpcds/sf1/local/duckdb/q76.benchmark	3	0.989697
benchmark/tpcds/sf1/local/duckdb/q76.benchmark	4	0.978362
benchmark/tpcds/sf1/local/duckdb/q76.benchmark	5	0.986820
benchmark/tpcds/sf1/local/duckdb/q77.benchmark	1	0.781568
benchmark/tpcds/sf1/local/duckdb/q77.benchmark	2	0.773611
benchmark/tpcds/sf1/local/duckdb/q77.benchmark	3	0.763422
benchmark/tpcds/sf1/local/duckdb/q77.benchmark	4	0.780406
benchmark/tpcds/sf1/local/duckdb/q77.benchmark	5	0.758439
benchmark/tpcds/sf1/local/duckdb/q78.benchmark	1	5.985865
benchmark/tpcds/sf1/local/duckdb/q78.benchmark	2	6.023724
benchmark/tpcds/sf1/local/duckdb/q78.benchmark	3	6.017533
benchmark/tpcds/sf1/local/duckdb/q78.benchmark	4	6.063736
benchmark/tpcds/sf1/local/duckdb/q78.benchmark	5	6.009717
benchmark/tpcds/sf1/local/duckdb/q79.benchmark	1	1.028571
benchmark/tpcds/sf1/local/duckdb/q79.benchmark	2	1.010503
benchmark/tpcds/sf1/local/duckdb/q79.benchmark	3	0.999394
benchmark/tpcds/sf1/local/duckdb/q79.benchmark	4	1.011623
benchmark/tpcds/sf1/local/duckdb/q79.benchmark	5	1.000603
benchmark/tpcds/sf1/local/duckdb/q80.benchmark	1	1.750838
benchmark/tpcds/sf1/local/duckdb/q80.benchmark	2	1.800673
benchmark/tpcds/sf1/local/duckdb/q80.benchmark	3	1.777146
benchmark/tpcds/sf1/local/duckdb/q80.benchmark	4	1.782270
benchmark/tpcds/sf1/local/duckdb/q80.benchmark	5	1.870024
benchmark/tpcds/sf1/local/duckdb/q81.benchmark	1	0.342197
benchmark/tpcds/sf1/local/duckdb/q81.benchmark	2	0.350501
benchmark/tpcds/sf1/local/duckdb/q81.benchmark	3	0.360409
benchmark/tpcds/sf1/local/duckdb/q81.benchmark	4	0.334648
benchmark/tpcds/sf1/local/duckdb/q81.benchmark	5	0.351620
benchmark/tpcds/sf1/local/duckdb/q82.benchmark	1	0.344989
benchmark/tpcds/sf1/local/duckdb/q82.benchmark	2	0.361537
benchmark/tpcds/sf1/local/duckdb/q82.benchmark	3	0.357841
benchmark/tpcds/sf1/local/duckdb/q82.benchmark	4	0.370257
benchmark/tpcds/sf1/local/duckdb/q82.benchmark	5	0.370364
benchmark/tpcds/sf1/local/duckdb/q83.benchmark	1	0.098207
benchmark/tpcds/sf1/local/duckdb/q83.benchmark	2	0.105193
benchmark/tpcds/sf1/local/duckdb/q83.benchmark	3	0.103736
benchmark/tpcds/sf1/local/duckdb/q83.benchmark	4	0.101467
benchmark/tpcds/sf1/local/duckdb/q83.benchmark	5	0.098458
benchmark/tpcds/sf1/local/duckdb/q84.benchmark	1	0.105429
benchmark/tpcds/sf1/local/duckdb/q84.benchmark	2	0.099491
benchmark/tpcds/sf1/local/duckdb/q84.benchmark	3	0.099985
benchmark/tpcds/sf1/local/duckdb/q84.benchmark	4	0.100199
benchmark/tpcds/sf1/local/duckdb/q84.benchmark	5	0.099412
benchmark/tpcds/sf1/local/duckdb/q85.benchmark	1	0.890924
benchmark/tpcds/sf1/local/duckdb/q85.benchmark	2	0.865937
benchmark/tpcds/sf1/local/duckdb/q85.benchmark	3	0.839996
benchmark/tpcds/sf1/local/duckdb/q85.benchmark	4	0.832739
benchmark/tpcds/sf1/local/duckdb/q85.benchmark	5	0.865137
benchmark/tpcds/sf1/local/duckdb/q86.benchmark	1	0.309555
benchmark/tpcds/sf1/local/duckdb/q86.benchmark	2	0.294788
benchmark/tpcds/sf1/local/duckdb/q86.benchmark	3	0.278523
benchmark/tpcds/sf1/local/duckdb/q86.benchmark	4	0.326048
benchmark/tpcds/sf1/local/duckdb/q86.benchmark	5	0.279082
benchmark/tpcds/sf1/local/duckdb/q87.benchmark	1	1.696929
benchmark/tpcds/sf1/local/duckdb/q87.benchmark	2	1.688975
benchmark/tpcds/sf1/local/duckdb/q87.benchmark	3	1.701660
benchmark/tpcds/sf1/local/duckdb/q87.benchmark	4	1.683772
benchmark/tpcds/sf1/local/duckdb/q87.benchmark	5	1.703844
benchmark/tpcds/sf1/local/duckdb/q88.benchmark	1	2.040344
benchmark/tpcds/sf1/local/duckdb/q88.benchmark	2	2.053504
benchmark/tpcds/sf1/local/duckdb/q88.benchmark	3	2.059111
benchmark/tpcds/sf1/local/duckdb/q88.benchmark	4	2.041486
benchmark/tpcds/sf1/local/duckdb/q88.benchmark	5	2.051789
benchmark/tpcds/sf1/local/duckdb/q89.benchmark	1	0.673159
benchmark/tpcds/sf1/local/duckdb/q89.benchmark	2	0.689932
benchmark/tpcds/sf1/local/duckdb/q89.benchmark	3	0.685854
benchmark/tpcds/sf1/local/duckdb/q89.benchmark	4	0.672420
benchmark/tpcds/sf1/local/duckdb/q89.benchmark	5	0.671515
benchmark/tpcds/sf1/local/duckdb/q90.benchmark	1	0.153550
benchmark/tpcds/sf1/local/duckdb/q90.benchmark	2	0.177745
benchmark/tpcds/sf1/local/duckdb/q90.benchmark	3	0.155143
benchmark/tpcds/sf1/local/duckdb/q90.benchmark	4	0.153900
benchmark/tpcds/sf1/local/duckdb/q90.benchmark	5	0.156663
benchmark/tpcds/sf1/local/duckdb/q91.benchmark	1	0.060109
benchmark/tpcds/sf1/local/duckdb/q91.benchmark	2	0.056513
benchmark/tpcds/sf1/local/duckdb/q91.benchmark	3	0.053227
benchmark/tpcds/sf1/local/duckdb/q91.benchmark	4	0.047206
benchmark/tpcds/sf1/local/duckdb/q91.benchmark	5	0.046644
benchmark/tpcds/sf1/local/duckdb/q92.benchmark	1	0.161966
benchmark/tpcds/sf1/local/duckdb/q92.benchmark	2	0.160023
benchmark/tpcds/sf1/local/duckdb/q92.benchmark	3	0.158677
benchmark/tpcds/sf1/local/duckdb/q92.benchmark	4	0.158569
benchmark/tpcds/sf1/local/duckdb/q92.benchmark	5	0.158306
benchmark/tpcds/sf1/local/duckdb/q93.benchmark	1	2.207698
benchmark/tpcds/sf1/local/duckdb/q93.benchmark	2	2.212965
benchmark/tpcds/sf1/local/duckdb/q93.benchmark	3	2.178480
benchmark/tpcds/sf1/local/duckdb/q93.benchmark	4	2.200410
benchmark/tpcds/sf1/local/duckdb/q93.benchmark	5	2.191707
benchmark/tpcds/sf1/local/duckdb/q94.benchmark	1	0.254065
benchmark/tpcds/sf1/local/duckdb/q94.benchmark	2	0.253733
benchmark/tpcds/sf1/local/duckdb/q94.benchmark	3	0.254637
benchmark/tpcds/sf1/local/duckdb/q94.benchmark	4	0.256346
benchmark/tpcds/sf1/local/duckdb/q94.benchmark	5	0.256475
benchmark/tpcds/sf1/local/duckdb/q95.benchmark	1	7.031091
benchmark/tpcds/sf1/local/duckdb/q95.benchmark	2	7.003724
benchmark/tpcds/sf1/local/duckdb/q95.benchmark	3	6.996669
benchmark/tpcds/sf1/local/duckdb/q95.benchmark	4	6.982757
benchmark/tpcds/sf1/local/duckdb/q95.benchmark	5	7.012635
benchmark/tpcds/sf1/local/duckdb/q96.benchmark	1	0.310147
benchmark/tpcds/sf1/local/duckdb/q96.benchmark	2	0.310544
benchmark/tpcds/sf1/local/duckdb/q96.benchmark	3	0.305662
benchmark/tpcds/sf1/local/duckdb/q96.benchmark	4	0.311540
benchmark/tpcds/sf1/local/duckdb/q96.benchmark	5	0.305399
benchmark/tpcds/sf1/local/duckdb/q97.benchmark	1	2.063463
benchmark/tpcds/sf1/local/duckdb/q97.benchmark	2	2.057090
benchmark/tpcds/sf1/local/duckdb/q97.benchmark	3	2.104905
benchmark/tpcds/sf1/local/duckdb/q97.benchmark	4	2.092085
benchmark/tpcds/sf1/local/duckdb/q97.benchmark	5	2.107091
benchmark/tpcds/sf1/local/duckdb/q98.benchmark	1	0.497423
benchmark/tpcds/sf1/local/duckdb/q98.benchmark	2	0.500540
benchmark/tpcds/sf1/local/duckdb/q98.benchmark	3	0.512786
benchmark/tpcds/sf1/local/duckdb/q98.benchmark	4	0.495776
benchmark/tpcds/sf1/local/duckdb/q98.benchmark	5	0.505185
benchmark/tpcds/sf1/local/duckdb/q99.benchmark	1	0.475777
benchmark/tpcds/sf1/local/duckdb/q99.benchmark	2	0.479550
benchmark/tpcds/sf1/local/duckdb/q99.benchmark	3	0.479635
benchmark/tpcds/sf1/local/duckdb/q99.benchmark	4	0.478980
benchmark/tpcds/sf1/local/duckdb/q99.benchmark	5	0.476943